code,code_name
"600000",浦发银行
"600009",上海机场
"600016",民生银行
"600028",中国石化
"600030",中信证券
"600031",三一重工
"600036",招商银行
"600048",保利地产
"600050",中国联通
"600104",上汽集团
"600196",复星医药
"600276",恒瑞医药
"600309",万华化学
"600519",贵州茅台
"600547",山东黄金
"600570",恒生电子
"600585",海螺水泥
"600588",用友网络
"600690",海尔智家
"600703",三安光电
"600745",闻泰科技
"600837",海通证券
"600887",伊利股份
"600918",中泰证券
"601012",隆基股份
"601066",中信建投
"601088",中国神华
"601138",工业富联
"601166",兴业银行
"601186",中国铁建
"601211",国泰君安
"601236",红塔证券
"601288",农业银行
"601318",中国平安
"601319",中国人保
"601336",新华保险
"601398",工商银行
"601601",中国太保
"601628",中国人寿
"601668",中国建筑
"601688",华泰证券
"601816",京沪高铁
"601818",光大银行
"601857",中国石油
"601888",中国中免
"603160",汇顶科技
"603259",药明康德
"603288",海天味业
"603501",韦尔股份
"603986",兆易创新
